{
  "hash": "aba64623",
  "configHash": "0e9f5a67",
  "lockfileHash": "78cfe7ca",
  "browserHash": "569bd835",
  "optimized": {
    "@angular/common": {
      "src": "../../../../../../node_modules/@angular/common/fesm2022/common.mjs",
      "file": "@angular_common.js",
      "fileHash": "adf920ae",
      "needsInterop": false
    },
    "@angular/core": {
      "src": "../../../../../../node_modules/@angular/core/fesm2022/core.mjs",
      "file": "@angular_core.js",
      "fileHash": "2f52e73a",
      "needsInterop": false
    },
    "@angular/forms": {
      "src": "../../../../../../node_modules/@angular/forms/fesm2022/forms.mjs",
      "file": "@angular_forms.js",
      "fileHash": "52de4377",
      "needsInterop": false
    },
    "@angular/platform-browser": {
      "src": "../../../../../../node_modules/@angular/platform-browser/fesm2022/platform-browser.mjs",
      "file": "@angular_platform-browser.js",
      "fileHash": "5abb11af",
      "needsInterop": false
    }
  },
  "chunks": {
    "chunk-OWJN6AZB": {
      "file": "chunk-OWJN6AZB.js"
    },
    "chunk-KE4JLRMN": {
      "file": "chunk-KE4JLRMN.js"
    }
  }
}